{
  "shuffle": true,
  "subset": null,
  "min_freq": 75,
  "lower": true,
  "stem": false,
  "analyzer": "char_wb",
  "ngram_max_range": 7,
  "alpha": 0.0001,
  "learning_rate": 0.07984385355424795,
  "power_t": 0.1337486067462412,
  "num_epochs": 100,
  "threshold": 0.42522930235310147
}
