{
  "shuffle": true,
  "subset": null,
  "min_freq": 75,
  "lower": true,
  "stem": false,
  "analyzer": "char_wb",
  "ngram_max_range": 5,
  "alpha": 0.0001,
  "learning_rate": 0.4245107067457624,
  "power_t": 0.2163373545274555,
  "num_epochs": 100,
  "threshold": 0.5885838625215654
}
