{
  "shuffle": true,
  "subset": null,
  "min_freq": 75,
  "lower": true,
  "stem": false,
  "analyzer": "char_wb",
  "ngram_max_range": 6,
  "alpha": 0.0001,
  "learning_rate": 0.3960325149897885,
  "power_t": 0.48219588217728715,
  "num_epochs": 100,
  "threshold": 0.6741107263246395
}
