{
  "shuffle": true,
  "subset": null,
  "min_freq": 75,
  "lower": true,
  "stem": false,
  "analyzer": "char",
  "ngram_max_range": 3,
  "alpha": 0.0001,
  "learning_rate": 0.01409254500817758,
  "power_t": 0.30526158565350703,
  "num_epochs": 100,
  "threshold": 0.64045547139325
}
