{
  "shuffle": true,
  "subset": null,
  "min_freq": 75,
  "lower": true,
  "stem": false,
  "analyzer": "char_wb",
  "ngram_max_range": 10,
  "alpha": 0.0001,
  "learning_rate": 0.027136993218049053,
  "power_t": 0.2593415446793706,
  "num_epochs": 100,
  "threshold": 0.5910233281503037
}
