{
    "overall": {
        "precision": 0.8050380552475824,
        "recall": 0.603411513859275,
        "f1": 0.6674448998627966,
        "num_samples": 207.0
    },
    "class": {
        "attention": {
            "precision": 0.6923076923076923,
            "recall": 0.5,
            "f1": 0.5806451612903226,
            "num_samples": 18.0
        },
        "autoencoders": {
            "precision": 1.0,
            "recall": 0.6666666666666666,
            "f1": 0.8,
            "num_samples": 6.0
        },
        "computer-vision": {
            "precision": 0.6271186440677966,
            "recall": 0.6379310344827587,
            "f1": 0.6324786324786326,
            "num_samples": 58.0
        },
        "convolutional-neural-networks": {
            "precision": 0.5,
            "recall": 0.25,
            "f1": 0.3333333333333333,
            "num_samples": 16.0
        },
        "data-augmentation": {
            "precision": 1.0,
            "recall": 0.5,
            "f1": 0.6666666666666666,
            "num_samples": 6.0
        },
        "embeddings": {
            "precision": 0.9,
            "recall": 0.75,
            "f1": 0.8181818181818182,
            "num_samples": 12.0
        },
        "flask": {
            "precision": 1.0,
            "recall": 0.2,
            "f1": 0.33333333333333337,
            "num_samples": 5.0
        },
        "generative-adversarial-networks": {
            "precision": 1.0,
            "recall": 0.6363636363636364,
            "f1": 0.7777777777777778,
            "num_samples": 11.0
        },
        "graph-neural-networks": {
            "precision": 0.7777777777777778,
            "recall": 1.0,
            "f1": 0.8750000000000001,
            "num_samples": 7.0
        },
        "graphs": {
            "precision": 0.6666666666666666,
            "recall": 0.7272727272727273,
            "f1": 0.6956521739130435,
            "num_samples": 11.0
        },
        "huggingface": {
            "precision": 0.8,
            "recall": 0.5,
            "f1": 0.6153846153846154,
            "num_samples": 8.0
        },
        "image-classification": {
            "precision": 1.0,
            "recall": 0.2857142857142857,
            "f1": 0.4444444444444445,
            "num_samples": 7.0
        },
        "interpretability": {
            "precision": 1.0,
            "recall": 0.6666666666666666,
            "f1": 0.8,
            "num_samples": 9.0
        },
        "keras": {
            "precision": 1.0,
            "recall": 0.7857142857142857,
            "f1": 0.88,
            "num_samples": 14.0
        },
        "language-modeling": {
            "precision": 0.7142857142857143,
            "recall": 0.7142857142857143,
            "f1": 0.7142857142857143,
            "num_samples": 7.0
        },
        "natural-language-processing": {
            "precision": 0.8,
            "recall": 0.8,
            "f1": 0.8000000000000002,
            "num_samples": 65.0
        },
        "node-classification": {
            "precision": 1.0,
            "recall": 0.5714285714285714,
            "f1": 0.7272727272727273,
            "num_samples": 7.0
        },
        "object-detection": {
            "precision": 0.8888888888888888,
            "recall": 0.6666666666666666,
            "f1": 0.761904761904762,
            "num_samples": 12.0
        },
        "pretraining": {
            "precision": 1.0,
            "recall": 0.25,
            "f1": 0.4,
            "num_samples": 4.0
        },
        "production": {
            "precision": 1.0,
            "recall": 0.25,
            "f1": 0.4,
            "num_samples": 8.0
        },
        "pytorch": {
            "precision": 0.8666666666666667,
            "recall": 0.6842105263157895,
            "f1": 0.7647058823529413,
            "num_samples": 38.0
        },
        "question-answering": {
            "precision": 1.0,
            "recall": 0.14285714285714285,
            "f1": 0.25,
            "num_samples": 7.0
        },
        "regression": {
            "precision": 0.6666666666666666,
            "recall": 0.2857142857142857,
            "f1": 0.4,
            "num_samples": 7.0
        },
        "reinforcement-learning": {
            "precision": 1.0,
            "recall": 0.5555555555555556,
            "f1": 0.7142857142857143,
            "num_samples": 9.0
        },
        "representation-learning": {
            "precision": 0.7777777777777778,
            "recall": 0.6363636363636364,
            "f1": 0.7000000000000001,
            "num_samples": 11.0
        },
        "scikit-learn": {
            "precision": 1.0,
            "recall": 0.3333333333333333,
            "f1": 0.5,
            "num_samples": 9.0
        },
        "segmentation": {
            "precision": 1.0,
            "recall": 0.6,
            "f1": 0.7499999999999999,
            "num_samples": 5.0
        },
        "self-supervised-learning": {
            "precision": 1.0,
            "recall": 0.8333333333333334,
            "f1": 0.9090909090909091,
            "num_samples": 6.0
        },
        "tensorflow": {
            "precision": 0.7692307692307693,
            "recall": 0.625,
            "f1": 0.6896551724137931,
            "num_samples": 32.0
        },
        "tensorflow-js": {
            "precision": 1.0,
            "recall": 0.16666666666666666,
            "f1": 0.2857142857142857,
            "num_samples": 6.0
        },
        "time-series": {
            "precision": 1.0,
            "recall": 0.8,
            "f1": 0.888888888888889,
            "num_samples": 5.0
        },
        "transfer-learning": {
            "precision": 0.0,
            "recall": 0.0,
            "f1": 0.0,
            "num_samples": 7.0
        },
        "transformers": {
            "precision": 0.782608695652174,
            "recall": 0.6428571428571429,
            "f1": 0.7058823529411765,
            "num_samples": 28.0
        },
        "unsupervised-learning": {
            "precision": 0.8,
            "recall": 0.5,
            "f1": 0.6153846153846154,
            "num_samples": 8.0
        }
    },
    "slices": {
        "class": {
            "cv_transformers": {
                "precision": 1.0,
                "recall": 0.5384615384615384,
                "f1": 0.7000000000000001,
                "num_samples": 3
            },
            "short_text": {
                "precision": 0.8333333333333334,
                "recall": 0.7142857142857143,
                "f1": 0.7692307692307692,
                "num_samples": 4
            }
        },
        "overall": {
            "precision": 0.9047619047619049,
            "recall": 0.6389324960753532,
            "f1": 0.7395604395604396
        }
    },
    "behavioral_report": {
        "score": 1.0,
        "results": {
            "passed": [
                {
                    "input": {
                        "text": "Transformers have revolutionized the ML field.",
                        "tags": [
                            "transformers"
                        ]
                    },
                    "prediction": {
                        "input_text": "Transformers have revolutionized the ML field.",
                        "preprocessed_text": "transformers revolutionized ml field",
                        "predicted_tags": [
                            "natural-language-processing",
                            "transformers"
                        ]
                    },
                    "type": "INV"
                },
                {
                    "input": {
                        "text": "Transformers have disrupted the ML field.",
                        "tags": [
                            "transformers"
                        ]
                    },
                    "prediction": {
                        "input_text": "Transformers have disrupted the ML field.",